[{"id":1, 
   "title":"Vahana Masterclass",
    "author": "Alfredo Covelli",  
    "category": "Education",
    "status": "Available",
    "returnDate": "-"
    },{ "id":2,
      "title":"A Game Of Thrones part 1",
    "author": "George RR Martin",  
    "category": "Fantasy",
    "status": "Available",
    "returnDate": "-"
    },
    { "id":3,
      "title":"A Game Of Thrones part 2",
    "author": "George RR Martin",  
    "category": "Fantasy",
    "status": "Available",
    "returnDate": "-"
    },
    { "id":4,
      "title":"A Game O,f Thrones part 3",
    "author": "George RR Martin",  
    "category": "Fantasy",
    "status": "Available",
    "returnDate": "-"
    },
    { "id":5,
      "title":"A Game Of Thrones part 4",
    "author": "George RR Martin",  
    "category": "Fantasy",
    "status": "Available",
    "returnDate": "-"
    },
    { "id":6,
      "title":"A Game Of Thrones part 5",
    "author": "George RR Martin",  
    "category": "Fantasy",
    "status": "Borrowed",
    "returnDate": "10-05-2022"
    },
    { "id":7,
      "title":"A Game Of Thrones part 6",
    "author": "George RR Martin",  
    "category": "Fantasy",
    "status": "Borrowed",
    "returnDate": "12-05-2022"
    },
    { "id":8,
      "title":"Olga Dies Dreaming part 1",
    "author": "Xochitl Gonzalez",  
    "category": "Fiction",
    "status": "Available",
    "returnDate": "-"
    },
    { "id":9,
      "title":"Olga Dies Dreaming part 2",
    "author": "George RR Martin",  
    "category": "Fiction",
    "status": "Available",
    "returnDate": "-"
    },
    { "id":10,
      "title":"Olga Dies Dreaming part 3",
    "author": "George RR Martin",  
    "category": "Fiction",
    "status": "Available",
    "returnDate": "-"
    },
    { "id":11,
      "title":"Olga Dies Dreaming part 4",
    "author": "George RR Martin",  
    "category": "Fiction",
    "status": "Available",
    "returnDate": "-"
    },
    { "id":12,
      "title":"Olga Dies Dreaming part 5",
    "author": "George RR Martin",  
    "category": "Fiction",
    "status": "Borrowed",
    "returnDate": "10-05-2022"
    }
]  

